<!DOCTYPE hibernate-configuration PUBLIC
    "-//Hibernate/Hibernate Configuration DTD 3.0//EN"
    "http://www.hibernate.org/dtd/hibernate-configuration-3.0.dtd">
  <hibernate-configuration>  
    <session-factory>  
        <property name="hbm2ddl.auto">update</property>  
        <property name="dialect">org.hibernate.dialect.MySQL8Dialect</property>  
        <!-- <property name="connection.url">jdbc:oracle:thin:@localhost:1521:xe</property> -->  
        <property name="connection.url">jdbc:mysql://localhost:3306/test</property>
   		<property name="connection.username">root</property>  
        <property name="connection.password">rootroot</property>  
        <property name="connection.driver_class">com.mysql.jdbc.Driver</property>  
        <property name="show_sql">true</property>
<!--     <mapping resource="employee.hbm.xml"/>  --> 
     <mapping class="com.cts.model.Book"/>   
          <mapping class="com.cts.model.Author"/>  
    </session-factory>  
  
</hibernate-configuration> 